{
  "images" : [
    {
      "size" : "20x20",
      "idiom" : "iphone",
      "filename" : "f164a9-20151206-coldplay-a-head-full-of-dreams-20@2x.png",
      "scale" : "2x"
    },
    {
      "size" : "20x20",
      "idiom" : "iphone",
      "filename" : "f164a9-20151206-coldplay-a-head-full-of-dreams-20@3x.png",
      "scale" : "3x"
    },
    {
      "size" : "29x29",
      "idiom" : "iphone",
      "filename" : "f164a9-20151206-coldplay-a-head-full-of-dreams-29.png",
      "scale" : "1x"
    },
    {
      "size" : "29x29",
      "idiom" : "iphone",
      "filename" : "f164a9-20151206-coldplay-a-head-full-of-dreams-29@2x.png",
      "scale" : "2x"
    },
    {
      "size" : "29x29",
      "idiom" : "iphone",
      "filename" : "f164a9-20151206-coldplay-a-head-full-of-dreams-29@3x.png",
      "scale" : "3x"
    },
    {
      "size" : "40x40",
      "idiom" : "iphone",
      "filename" : "f164a9-20151206-coldplay-a-head-full-of-dreams-40@2x.png",
      "scale" : "2x"
    },
    {
      "size" : "40x40",
      "idiom" : "iphone",
      "filename" : "f164a9-20151206-coldplay-a-head-full-of-dreams-40@3x.png",
      "scale" : "3x"
    },
    {
      "size" : "60x60",
      "idiom" : "iphone",
      "filename" : "f164a9-20151206-coldplay-a-head-full-of-dreams-60@2x.png",
      "scale" : "2x"
    },
    {
      "size" : "60x60",
      "idiom" : "iphone",
      "filename" : "f164a9-20151206-coldplay-a-head-full-of-dreams-60@3x.png",
      "scale" : "3x"
    },
    {
      "idiom" : "ipad",
      "size" : "20x20",
      "scale" : "1x"
    },
    {
      "idiom" : "ipad",
      "size" : "20x20",
      "scale" : "2x"
    },
    {
      "idiom" : "ipad",
      "size" : "29x29",
      "scale" : "1x"
    },
    {
      "idiom" : "ipad",
      "size" : "29x29",
      "scale" : "2x"
    },
    {
      "idiom" : "ipad",
      "size" : "40x40",
      "scale" : "1x"
    },
    {
      "idiom" : "ipad",
      "size" : "40x40",
      "scale" : "2x"
    },
    {
      "idiom" : "ipad",
      "size" : "76x76",
      "scale" : "1x"
    },
    {
      "idiom" : "ipad",
      "size" : "76x76",
      "scale" : "2x"
    },
    {
      "idiom" : "ipad",
      "size" : "83.5x83.5",
      "scale" : "2x"
    },
    {
      "idiom" : "ios-marketing",
      "size" : "1024x1024",
      "scale" : "1x"
    },
    {
      "idiom" : "universal",
      "filename" : "f164a9-20151206-coldplay-a-head-full-of-dreams-1024.png",
      "scale" : "1x"
    },
    {
      "idiom" : "universal",
      "filename" : "f164a9-20151206-coldplay-a-head-full-of-dreams-76@2x.png",
      "scale" : "2x"
    },
    {
      "idiom" : "universal",
      "filename" : "f164a9-20151206-coldplay-a-head-full-of-dreams-20.png",
      "unassigned" : true,
      "scale" : "1x"
    },
    {
      "idiom" : "universal",
      "filename" : "f164a9-20151206-coldplay-a-head-full-of-dreams-40.png",
      "unassigned" : true,
      "scale" : "1x"
    },
    {
      "idiom" : "universal",
      "filename" : "f164a9-20151206-coldplay-a-head-full-of-dreams-76.png",
      "unassigned" : true,
      "scale" : "1x"
    },
    {
      "idiom" : "universal",
      "filename" : "f164a9-20151206-coldplay-a-head-full-of-dreams-83.5@2x.png",
      "unassigned" : true,
      "scale" : "2x"
    }
  ],
  "info" : {
    "version" : 1,
    "author" : "xcode"
  }
}